{"cameraMode":{"drawMode":0,"name":"Shaded","section":"Shading Mode"},"sceneLighting":false,"audioPlay":false,"sceneViewState":{"showFog":true,"showMaterialUpdate":true,"showSkybox":false,"showFlares":true,"showImageEffects":true,"showParticleSystems":true},"in2DMode":false,"pivot":{"x":0.012814998626708985,"y":0.001042485237121582,"z":0.01483154296875},"rotation":{"x":-0.15969610214233399,"y":-0.5195335149765015,"z":0.0995449349284172,"w":-0.8334704041481018},"size":9.344374656677246,"orthographic":false}