{"cameraMode":{"drawMode":0,"name":"Shaded","section":"Shading Mode"},"sceneLighting":false,"audioPlay":false,"sceneViewState":{"showFog":true,"showMaterialUpdate":true,"showSkybox":false,"showFlares":true,"showImageEffects":true,"showParticleSystems":true},"in2DMode":false,"pivot":{"x":-98.87055206298828,"y":152.6715087890625,"z":-92.2845458984375},"rotation":{"x":0.4953371584415436,"y":-0.30068543553352358,"z":0.18780724704265595,"w":0.7930685877799988},"size":263.1436767578125,"orthographic":true}