{"cameraMode":{"drawMode":0,"name":"Shaded","section":"Shading Mode"},"sceneLighting":false,"audioPlay":false,"sceneViewState":{"showFog":true,"showMaterialUpdate":true,"showSkybox":false,"showFlares":true,"showImageEffects":true,"showParticleSystems":true},"in2DMode":false,"pivot":{"x":1.8421093225479127,"y":0.6599285006523132,"z":0.4565340578556061},"rotation":{"x":-0.2848318815231323,"y":-0.6334472298622131,"z":0.27066662907600405,"w":-0.6665995717048645},"size":24.590808868408204,"orthographic":false}