{"cameraMode":{"drawMode":0,"name":"Shaded","section":"Shading Mode"},"sceneLighting":false,"audioPlay":false,"sceneViewState":{"showFog":true,"showMaterialUpdate":true,"showSkybox":false,"showFlares":true,"showImageEffects":true,"showParticleSystems":true},"in2DMode":false,"pivot":{"x":2.5649490356445314,"y":-2.0945487022399904,"z":-0.12494827061891556},"rotation":{"x":0.35225236415863039,"y":0.6426121592521668,"z":-0.42784667015075686,"w":0.5290701389312744},"size":28.578847885131837,"orthographic":false}