{"cameraMode":{"drawMode":0,"name":"Shaded","section":"Shading Mode"},"sceneLighting":false,"audioPlay":false,"sceneViewState":{"showFog":true,"showMaterialUpdate":true,"showSkybox":false,"showFlares":true,"showImageEffects":true,"showParticleSystems":true},"in2DMode":false,"pivot":{"x":0.013824462890625,"y":0.0010274648666381837,"z":0.01640951633453369},"rotation":{"x":-0.15969610214233399,"y":-0.5195335149765015,"z":0.0995449349284172,"w":-0.8334704041481018},"size":9.133556365966797,"orthographic":false}